{"cameraMode":{"drawMode":0,"name":"Shaded","section":"Shading Mode"},"sceneLighting":true,"audioPlay":false,"sceneViewState":{"m_AlwaysRefresh":false,"showFog":true,"showSkybox":true,"showFlares":true,"showImageEffects":true,"showParticleSystems":true,"showVisualEffectGraphs":true,"m_FxEnabled":true},"in2DMode":false,"pivot":{"x":-61.27104949951172,"y":-15.701164245605469,"z":-31.931732177734376},"rotation":{"x":0.30491334199905398,"y":0.34211644530296328,"z":-0.11801408976316452,"w":0.8812040090560913},"size":143.6770782470703,"orthographic":false}